{"cameraMode":{"drawMode":0,"name":"Shaded","section":"Shading Mode"},"sceneLighting":false,"audioPlay":false,"sceneViewState":{"showFog":true,"showMaterialUpdate":false,"showSkybox":false,"showFlares":true,"showImageEffects":true,"showParticleSystems":true},"in2DMode":false,"pivot":{"x":-2.0660223960876467,"y":1.8943798542022706,"z":-43.18709945678711},"rotation":{"x":-0.1011940985918045,"y":-0.11080031096935272,"z":0.011036799289286137,"w":-0.9883245229721069},"size":2.3244524002075197,"orthographic":false}