{"cameraMode":{"drawMode":0,"name":"Shaded","section":"Shading Mode"},"sceneLighting":false,"audioPlay":false,"sceneViewState":{"showFog":true,"showMaterialUpdate":false,"showSkybox":false,"showFlares":true,"showImageEffects":true,"showParticleSystems":true},"in2DMode":false,"pivot":{"x":100.11695098876953,"y":-19.399999618530275,"z":106.0},"rotation":{"x":-0.14328306913375855,"y":0.5147985219955444,"z":-0.08894329518079758,"w":-0.8402178287506104},"size":40.24378967285156,"orthographic":false}