{"cameraMode":{"drawMode":0,"name":"Shaded","section":"Shading Mode"},"sceneLighting":false,"audioPlay":false,"sceneViewState":{"showFog":true,"showMaterialUpdate":false,"showSkybox":false,"showFlares":true,"showImageEffects":true,"showParticleSystems":true},"in2DMode":false,"pivot":{"x":135.5841064453125,"y":-9.906452178955079,"z":147.50851440429688},"rotation":{"x":0.1771228164434433,"y":-0.6899119019508362,"z":0.18154333531856538,"w":0.6776304841041565},"size":4.938309192657471,"orthographic":false}