{"cameraMode":{"drawMode":0,"name":"Shaded","section":"Shading Mode"},"sceneLighting":false,"audioPlay":false,"sceneViewState":{"showFog":true,"showMaterialUpdate":false,"showSkybox":false,"showFlares":true,"showImageEffects":true,"showParticleSystems":true},"in2DMode":false,"pivot":{"x":9.503785133361817,"y":-8.741497039794922,"z":-35.0185546875},"rotation":{"x":0.1646178513765335,"y":-0.7759064435958862,"z":0.22782829403877259,"w":0.5642580986022949},"size":0.17320464551448823,"orthographic":false}