{"cameraMode":{"drawMode":0,"name":"Shaded","section":"Shading Mode"},"sceneLighting":false,"audioPlay":false,"sceneViewState":{"showFog":true,"showMaterialUpdate":false,"showSkybox":false,"showFlares":true,"showImageEffects":true,"showParticleSystems":true},"in2DMode":false,"pivot":{"x":77.98410034179688,"y":-9.906452178955079,"z":116.04852294921875},"rotation":{"x":0.11256872117519379,"y":-0.7198047637939453,"z":0.12158340960741043,"w":0.673737108707428},"size":4.938309192657471,"orthographic":false}