{"cameraMode":{"drawMode":0,"name":"Shaded","section":"Shading Mode"},"sceneLighting":false,"audioPlay":false,"sceneViewState":{"m_AlwaysRefresh":false,"showFog":true,"showSkybox":false,"showFlares":true,"showImageEffects":true,"showParticleSystems":true,"showVisualEffectGraphs":true,"m_FxEnabled":true},"in2DMode":false,"pivot":{"x":0.21081233024597169,"y":-0.024999797344207765,"z":-40.45777130126953},"rotation":{"x":-0.15373554825782777,"y":-0.7546489238739014,"z":0.19069673120975495,"w":-0.6084880828857422},"size":4.9709601402282719,"orthographic":false}